{
    "center": [0,0],
    "zoom": 3,
    "minZoom": 6,
    "maxZoom": 20,
    "extent": [
        3975211.0536368806, 7222898.848739378, 
        4080448.606794581, 7330333.669490481
    ]
}