{
    "center": [54.512378825758326, 36.25486242195859],
    "zoom": 2,
    "minZoom": 4,
    "maxZoom": 20,
    "extent": [54.472918318746856, 36.10004258549506,54.56569137114114, 36.42963242924506],
    "hasCompare": true
}