{
    "center": [0,0],
    "zoom": 2,
    "minZoom": 4,
    "maxZoom": 20,
    "extent": [3975211.0536368806, 7232000.061548798, 4080448.606794581, 7303050.706086229],
    "hasCompare": true
}